first_name,last_name,email
Philly,Mosley,pmosley0@1und1.de
,Weeks,nweeks1@wiley.com
,Swinn,vswinn2@umich.edu
Ailbert,Jellico,ajellico3@github.io
Elnar,Dekeyser,edekeyser4@parallels.com
Caresse,Lovick,clovick5@biblegateway.com
Vale,Beagrie,vbeagrie6@weather.com
Roldan,Lorincz,rlorincz7@seattletimes.com
Rozalie,Barbier,rbarbier8@1und1.de
Saba,Wank,swank9@indiegogo.com
,Esposita,tespositaa@imgur.com
Simona,Largent,slargentb@bigcartel.com
,Filipchikov,jfilipchikovc@1688.com
Eugenio,Rikel,erikeld@purevolume.com
Amerigo,Crang,acrange@ask.com
Guthry,Ambrois,gambroisf@usnews.com
Jone,Sheere,jsheereg@wufoo.com
Raven,,rsoppitth@homestead.com
Igor,Schmuhl,ischmuhli@bbc.co.uk
Ingeberg,Rymour,irymourj@nyu.edu
Beale,Bruckenthal,bbruckenthalk@privacy.gov.au
Bary,Nuton,bnutonl@google.ru
Noland,Digman,ndigmanm@wordpress.org
Gene,Gwyneth,ggwynethn@vimeo.com
Abbot,O'Lynn,aolynno@yelp.com
Lorry,Murthwaite,lmurthwaitep@uol.com.br
Reed,Calkin,rcalkinq@fc2.com
,Bernaert,lbernaertr@nba.com
,Ferrolli,
Liva,Tassell,
Stinky,Olkowicz,solkowiczu@auda.org.au
Carlo,Sanz,csanzv@goo.ne.jp
Caitlin,Dumphry,cdumphryw@arizona.edu
Barbaraanne,Bonefant,bbonefantx@abc.net.au
Tansy,Yantsurev,tyantsurevyted.com
Sergio,Heap,sheapz@topsy.com
Oona,Crowson,ocrowson10@altervista.org
Maren,Burnel,mburnel11@google.de
Ware,Billiard,
Addison,Wanell,awanell13ftc.gov
Jessie,Hassur,jhassur14@state.gov
Pepita,Blackbrough,
Baldwin,Minker,bminker16@stanford.edu
Leeland,Shelton,lshelton17@slideshare.net
Allsun,cornhill,acornhill18@bloglovin.com
Igor,Schmuhl,ischmuhli@bbc.co.uk
Ingeberg,Rymour,irymourj@nyu.edu
,Swinn,vswinn2@umich.edu
Ailbert,Jellico,ajellico3@github.io
Elnar,Dekeyser,edekeyser4parallels.com
