first_name	last_name
Philly	Mosley
	Weeks
	Swinn
Ailbert	Jellico
Elnar	Dekeyser
Caresse	Lovick
Vale	Beagrie
Roldan	Lorincz
Rozalie	Barbier
Saba	Wank
	Esposita
Simona	Largent
	Filipchikov
Eugenio	Rikel
Amerigo	Crang
Guthry	Ambrois
Jone	Sheere
Raven	
Igor	Schmuhl
Ingeberg	Rymour
Beale	Bruckenthal
Bary	Nuton
Noland	Digman
Gene	Gwyneth
Abbot	O'Lynn
Lorry	Murthwaite
Reed	Calkin
	Bernaert
	Ferrolli
Liva	Tassell
Stinky	Olkowicz
Carlo	Sanz
Caitlin	Dumphry
Barbaraanne	Bonefant
Tansy	Yantsurev
Sergio	Heap
Oona	Crowson
Maren	Burnel
Ware	Billiard
Addison	Wanell
Jessie	Hassur
Pepita	Blackbrough
Baldwin	Minker
Leeland	Shelton
Allsun	cornhill
Igor	Schmuhl
Ingeberg	Rymour
	Swinn
Ailbert	Jellico
Elnar	Dekeyser
